{"curtis-hystad-y_GB1v8vVEs-unsplash.jpg": {"pixel_size": [1920, 1280], "file_size": 0.27529239654541016}, "javier-patino-loira-plIae3zGd8U-unsplash.jpg": {"pixel_size": [1920, 1440], "file_size": 0.13488483428955078}, "marek-piwnicki-fgZO-k47XTQ-unsplash.jpg": {"pixel_size": [1920, 1080], "file_size": 0.5434026718139648}, "maxim-shklyaev-f17yupikqaM-unsplash.jpg": {"pixel_size": [1920, 2880], "file_size": 0.6282720565795898}, "rashed-paykary-f98S-DD1lz8-unsplash.jpg": {"pixel_size": [1920, 1080], "file_size": 0.3569822311401367}}